,Channel,channel ID,2019 total cost,revenue,profit,ROI
0,affiliate,1,138048.38,162.548,-137885.832,-99.88
1,brand,2,0.0,505679.5000000005,505679.5000000005,inf
2,crm,3,0.0,36830.95200000003,36830.95200000003,inf
3,display,4,1177056.18,678781.8240000026,-498274.35599999735,-42.33
4,other,5,0.0,118073.27199999992,118073.27199999992,inf
5,search,6,3439873.52,4046192.160000008,606318.640000008,17.63
6,social,7,1513755.36,874891.2840000009,-638864.0759999992,-42.2
